Thread ID,FunctionName,Average,Max,Min,Call 
16884, TimeFunc2,0.029858§Į, 0.031015§Į, 0.030052§Į, 98

24252, TimeFunc1,0.020275§Į, 0.021469§Į, 0.020028§Į, 144

