Thread ID,FunctionName,Average,Max,Min,Call 
3404, TimeFunc1,0.019995§Į, 0.021118§Į, 0.020025§Į, 198

12232, TimeFunc2,0.029817§Į, 0.031128§Į, 0.030037§Į, 198

