Thread ID,FunctionName,Average,Max,Min,Call 
3404, TimeFunc1,0.020119§Į, 0.021006§Į, 0.020029§Į, 145

12232, TimeFunc2,0.029821§Į, 0.031083§Į, 0.030037§Į, 98

