Thread ID,FunctionName,Average,Max,Min,Call 
14572, TimeFunc2,0.029795§Į, 0.031127§Į, 0.030022§Į, 198

15452, TimeFunc1,0.020023§Į, 0.021016§Į, 0.020041§Į, 198

