Thread ID,FunctionName,Average,Max,Min,Call 
26168, TimeFunc1,0.020018§Į, 0.021017§Į, 0.020022§Į, 198

38360, TimeFunc2,0.029817§Į, 0.031000§Į, 0.030033§Į, 198

