Thread ID,FunctionName,Average,Max,Min,Call 
26168, TimeFunc1,0.020180§Į, 0.021004§Į, 0.020030§Į, 145

38360, TimeFunc2,0.029841§Į, 0.031000§Į, 0.030037§Į, 98

