Thread ID,FunctionName,Average,Max,Min,Call 
14572, TimeFunc2,0.029851§Į, 0.031039§Į, 0.030058§Į, 98

15452, TimeFunc1,0.020149§Į, 0.021007§Į, 0.020041§Į, 146

