Thread ID,FunctionName,Average,Max,Min,Call 
16884, TimeFunc2,0.029818§Į, 0.031108§Į, 0.030015§Į, 198

24252, TimeFunc1,0.020059§Į, 0.021469§Į, 0.020023§Į, 198

