Thread ID,FunctionName,Average,Max,Min,Call 
6556, TimeFunc2,0.029781§Į, 0.030945§Į, 0.030042§Į, 98

4936, TimeFunc1,0.020159§Į, 0.021006§Į, 0.020036§Į, 146

Thread ID,FunctionName,Average,Max,Min,Call 
6556, TimeFunc2,0.029720§Į, 0.031058§Į, 0.030035§Į, 198

4936, TimeFunc1,0.019978§Į, 0.021021§Į, 0.020036§Į, 198

